{
    "name": "DataPlatform",
    "version": "1",
    "items": [
        {
            "type": "folder",
            "name": "Deployment2Build",
            "items": [
                {
                    "type": "http",
                    "name": "Template",
                    "seq": 1,
                    "request": {
                        "url": "{{base_url}}/{{d2bcomponent}}/builds?deploymentSource=&deploymentId=",
                        "method": "GET",
                        "headers": [],
                        "body": {
                            "mode": "none",
                            "formUrlEncoded": [],
                            "multipartForm": []
                        },
                        "auth": {
                            "mode": "none",
                            "basic": {
                                "username": "",
                                "password": ""
                            },
                            "bearer": {
                                "token": ""
                            }
                        },
                        "script": {},
                        "vars": {},
                        "assertions": [],
                        "tests": "",
                        "query": [
                            {
                                "name": "deploymentSource",
                                "value": "",
                                "enabled": true
                            },
                            {
                                "name": "deploymentId",
                                "value": "",
                                "enabled": true
                            }
                        ]
                    }
                },
                {
                    "type": "http",
                    "name": "expressv2",
                    "seq": 2,
                    "request": {
                        "url": "{{base_url}}/{{d2bcomponent}}/builds?deploymentSource=expressv2&deploymentId=ContainerService/b03fe328-9f11-42c4-8eed-73a0f0d1c944",
                        "method": "GET",
                        "headers": [],
                        "body": {
                            "mode": "none",
                            "formUrlEncoded": [],
                            "multipartForm": []
                        },
                        "auth": {
                            "mode": "none",
                            "basic": {
                                "username": "",
                                "password": ""
                            },
                            "bearer": {
                                "token": ""
                            }
                        },
                        "script": {},
                        "vars": {},
                        "assertions": [],
                        "tests": "",
                        "query": [
                            {
                                "name": "deploymentSource",
                                "value": "expressv2",
                                "enabled": true
                            },
                            {
                                "name": "deploymentId",
                                "value": "ContainerService/b03fe328-9f11-42c4-8eed-73a0f0d1c944",
                                "enabled": true
                            }
                        ]
                    }
                }
            ]
        },
        {
            "type": "folder",
            "name": "Build2Deployment",
            "items": [
                {
                    "type": "http",
                    "name": "Template",
                    "seq": 1,
                    "request": {
                        "url": "{{base_url}}/{{b2dcomponent}}/deployments?adoOrganizationName=&adoProjectId=&adoBuildId=",
                        "method": "GET",
                        "headers": [],
                        "body": {
                            "mode": "none",
                            "formUrlEncoded": [],
                            "multipartForm": []
                        },
                        "auth": {
                            "mode": "none",
                            "basic": {
                                "username": "",
                                "password": ""
                            },
                            "bearer": {
                                "token": ""
                            }
                        },
                        "script": {},
                        "vars": {},
                        "assertions": [],
                        "tests": "",
                        "query": [
                            {
                                "name": "adoOrganizationName",
                                "value": "",
                                "enabled": true
                            },
                            {
                                "name": "adoProjectId",
                                "value": "",
                                "enabled": true
                            },
                            {
                                "name": "adoBuildId",
                                "value": "",
                                "enabled": true
                            }
                        ]
                    }
                },
                {
                    "type": "http",
                    "name": "azdeployer_msazure",
                    "seq": 5,
                    "request": {
                        "url": "undefinedundefined{{base_url}}/{{b2dcomponent}}/deployments?adoOrganizationName=msazure&adoProjectId=b32aa71e-8ed2-41b2-9d77-5bc261222004&adoBuildId=79119662",
                        "method": "GET",
                        "headers": [],
                        "body": {
                            "mode": "none",
                            "formUrlEncoded": [],
                            "multipartForm": []
                        },
                        "auth": {
                            "mode": "bearer",
                            "basic": {
                                "username": "",
                                "password": ""
                            },
                            "bearer": {
                                "token": ""
                            }
                        },
                        "script": {},
                        "vars": {},
                        "assertions": [],
                        "tests": "",
                        "query": [
                            {
                                "name": "adoOrganizationName",
                                "value": "msazure",
                                "enabled": true
                            },
                            {
                                "name": "adoProjectId",
                                "value": "b32aa71e-8ed2-41b2-9d77-5bc261222004",
                                "enabled": true
                            },
                            {
                                "name": "adoBuildId",
                                "value": "79119662",
                                "enabled": true
                            }
                        ]
                    }
                },
                {
                    "type": "http",
                    "name": "ev2_admetrics",
                    "seq": 4,
                    "request": {
                        "url": "{{base_url}}/{{b2dcomponent}}/deployments?adoOrganizationName=admetrics&adoProjectId=c6f597f2-902e-47df-9dbd-f5ee1ac627f2&adoBuildId=69514",
                        "method": "GET",
                        "headers": [],
                        "body": {
                            "mode": "none",
                            "formUrlEncoded": [],
                            "multipartForm": []
                        },
                        "auth": {
                            "mode": "bearer",
                            "basic": {
                                "username": "",
                                "password": ""
                            },
                            "bearer": {
                                "token": ""
                            }
                        },
                        "script": {},
                        "vars": {},
                        "assertions": [],
                        "tests": "",
                        "query": [
                            {
                                "name": "adoOrganizationName",
                                "value": "admetrics",
                                "enabled": true
                            },
                            {
                                "name": "adoProjectId",
                                "value": "c6f597f2-902e-47df-9dbd-f5ee1ac627f2",
                                "enabled": true
                            },
                            {
                                "name": "adoBuildId",
                                "value": "69514",
                                "enabled": true
                            }
                        ]
                    }
                },
                {
                    "type": "http",
                    "name": "ev2_msazure",
                    "seq": 3,
                    "request": {
                        "url": "{{base_url}}/{{b2dcomponent}}/deployments?adoOrganizationName=msazure&adoProjectId=09706533-03bf-4b43-9a9b-b49c75429646&adoBuildId=85471733",
                        "method": "GET",
                        "headers": [],
                        "body": {
                            "mode": "none",
                            "formUrlEncoded": [],
                            "multipartForm": []
                        },
                        "auth": {
                            "mode": "none",
                            "basic": {
                                "username": "",
                                "password": ""
                            },
                            "bearer": {
                                "token": ""
                            }
                        },
                        "script": {},
                        "vars": {},
                        "assertions": [],
                        "tests": "",
                        "query": [
                            {
                                "name": "adoOrganizationName",
                                "value": "msazure",
                                "enabled": true
                            },
                            {
                                "name": "adoProjectId",
                                "value": "09706533-03bf-4b43-9a9b-b49c75429646",
                                "enabled": true
                            },
                            {
                                "name": "adoBuildId",
                                "value": "85471733",
                                "enabled": true
                            }
                        ]
                    }
                },
                {
                    "type": "http",
                    "name": "ev2_msdata",
                    "seq": 2,
                    "request": {
                        "url": "{{base_url}}/{{b2dcomponent}}/deployments?adoOrganizationName=msdata&adoProjectId=ba574a88-a171-48e0-8fcb-5fef6d23739c&adoBuildId=115856310",
                        "method": "GET",
                        "headers": [],
                        "body": {
                            "mode": "none",
                            "formUrlEncoded": [],
                            "multipartForm": []
                        },
                        "auth": {
                            "mode": "none",
                            "basic": {
                                "username": "",
                                "password": ""
                            },
                            "bearer": {
                                "token": ""
                            }
                        },
                        "script": {},
                        "vars": {},
                        "assertions": [],
                        "tests": "",
                        "query": [
                            {
                                "name": "adoOrganizationName",
                                "value": "msdata",
                                "enabled": true
                            },
                            {
                                "name": "adoProjectId",
                                "value": "ba574a88-a171-48e0-8fcb-5fef6d23739c",
                                "enabled": true
                            },
                            {
                                "name": "adoBuildId",
                                "value": "115856310",
                                "enabled": true
                            }
                        ]
                    }
                },
                {
                    "type": "http",
                    "name": "pilotfish_msazured",
                    "seq": 6,
                    "request": {
                        "url": "{{base_url}}/{{b2dcomponent}}/deployments?adoOrganizationName=msazure&adoProjectId=b32aa71e-8ed2-41b2-9d77-5bc261222004&adoBuildId=81303682",
                        "method": "GET",
                        "headers": [],
                        "body": {
                            "mode": "none",
                            "formUrlEncoded": [],
                            "multipartForm": []
                        },
                        "auth": {
                            "mode": "bearer",
                            "basic": {
                                "username": "",
                                "password": ""
                            },
                            "bearer": {
                                "token": ""
                            }
                        },
                        "script": {},
                        "vars": {},
                        "assertions": [],
                        "tests": "",
                        "query": [
                            {
                                "name": "adoOrganizationName",
                                "value": "msazure",
                                "enabled": true
                            },
                            {
                                "name": "adoProjectId",
                                "value": "b32aa71e-8ed2-41b2-9d77-5bc261222004",
                                "enabled": true
                            },
                            {
                                "name": "adoBuildId",
                                "value": "81303682",
                                "enabled": true
                            }
                        ]
                    }
                }
            ]
        }
    ],
    "environments": [
        {
            "variables": [
                {
                    "name": "client_id",
                    "value": "c1d07c27-2bf7-4da7-9946-278a86014ae2",
                    "enabled": true,
                    "secret": false,
                    "type": "text"
                },
                {
                    "name": "scope",
                    "value": "api://b565c703-fa73-48d1-92cf-a002721abe2e/user_impersonation",
                    "enabled": true,
                    "secret": false,
                    "type": "text"
                },
                {
                    "name": "base_url",
                    "value": "afd-dataplatform-int-apegeggveef0apbq.z01.azurefd.net",
                    "enabled": true,
                    "secret": false,
                    "type": "text"
                },
                {
                    "name": "b2dcomponent",
                    "value": "b2d",
                    "enabled": true,
                    "secret": false,
                    "type": "text"
                },
                {
                    "name": "d2bcomponent",
                    "value": "d2b",
                    "enabled": true,
                    "secret": false,
                    "type": "text"
                },
                {
                    "name": "authUrl",
                    "value": "https://login.microsoftonline.com/72f988bf-86f1-41af-91ab-2d7cd011db47/oauth2/v2.0/authorize",
                    "enabled": true,
                    "secret": false,
                    "type": "text"
                },
                {
                    "name": "headerPrefix",
                    "value": "Bearer",
                    "enabled": true,
                    "secret": false,
                    "type": "text"
                },
                {
                    "name": "tokenName",
                    "value": "Authorization",
                    "enabled": true,
                    "secret": false,
                    "type": "text"
                },
                {
                    "name": "state",
                    "value": "12345",
                    "enabled": true,
                    "secret": false,
                    "type": "text"
                }
            ],
            "name": "dp-int"
        },
        {
            "variables": [
                {
                    "name": "client_id",
                    "value": "c1d07c27-2bf7-4da7-9946-278a86014ae2",
                    "enabled": true,
                    "secret": false,
                    "type": "text"
                },
                {
                    "name": "scope",
                    "value": "api://b565c703-fa73-48d1-92cf-a002721abe2e/user_impersonation",
                    "enabled": true,
                    "secret": false,
                    "type": "text"
                },
                {
                    "name": "base_url",
                    "value": "http://localhost:7071/api/",
                    "enabled": true,
                    "secret": false,
                    "type": "text"
                },
                {
                    "name": "b2dcomponent",
                    "value": "",
                    "enabled": true,
                    "secret": false,
                    "type": "text"
                },
                {
                    "name": "d2bcomponent",
                    "value": "d2b",
                    "enabled": true,
                    "secret": false,
                    "type": "text"
                },
                {
                    "name": "authUrl",
                    "value": "https://login.microsoftonline.com/72f988bf-86f1-41af-91ab-2d7cd011db47/oauth2/v2.0/authorize",
                    "enabled": true,
                    "secret": false,
                    "type": "text"
                },
                {
                    "name": "headerPrefix",
                    "value": "Bearer",
                    "enabled": true,
                    "secret": false,
                    "type": "text"
                },
                {
                    "name": "tokenName",
                    "value": "Authorization",
                    "enabled": true,
                    "secret": false,
                    "type": "text"
                },
                {
                    "name": "state",
                    "value": "12345",
                    "enabled": true,
                    "secret": false,
                    "type": "text"
                }
            ],
            "name": "dp-local"
        }
    ]
}