{
	"id": "8b24a332-ad22-4c7f-b196-68faa115e021",
	"name": "dp-int",
	"values": [
		{
			"key": "client_id",
			"value": "c1d07c27-2bf7-4da7-9946-278a86014ae2",
			"type": "default",
			"enabled": true
		},
		{
			"key": "scope",
			"value": "api://b565c703-fa73-48d1-92cf-a002721abe2e/user_impersonation",
			"type": "default",
			"enabled": true
		},
		{
			"key": "base_url",
			"value": "afd-dataplatform-int-apegeggveef0apbq.z01.azurefd.net",
			"type": "default",
			"enabled": true
		},
		{
			"key": "b2dcomponent",
			"value": "b2d",
			"type": "default",
			"enabled": true
		},
		{
			"key": "d2bcomponent",
			"value": "d2b",
			"type": "default",
			"enabled": true
		},
		{
			"key": "authUrl",
			"value": "https://login.microsoftonline.com/72f988bf-86f1-41af-91ab-2d7cd011db47/oauth2/v2.0/authorize",
			"type": "default",
			"enabled": true
		},
		{
			"key": "headerPrefix",
			"value": "Bearer",
			"type": "default",
			"enabled": true
		},
		{
			"key": "tokenName",
			"value": "Authorization",
			"type": "default",
			"enabled": true
		},
		{
			"key": "state",
			"value": "12345",
			"type": "default",
			"enabled": true
		}
	],
	"_postman_variable_scope": "environment",
	"_postman_exported_at": "2024-01-23T19:28:44.778Z",
	"_postman_exported_using": "Postman/9.31.30"
}