{
	"id": "2e3e5a36-997a-4b40-9356-8899c55c507e",
	"name": "dp-prod",
	"values": [
		{
			"key": "client_id",
			"value": "c1d07c27-2bf7-4da7-9946-278a86014ae2",
			"type": "default",
			"enabled": true
		},
		{
			"key": "scope",
			"value": "api://b1bb6343-5c88-4dd5-829e-181c5549e48b",
			"type": "default",
			"enabled": true
		},
		{
			"key": "base_url",
			"value": "afd-dp-prod-akgsdsbaadasg7gk.b01.azurefd.net",
			"type": "default",
			"enabled": true
		},
		{
			"key": "b2dcomponent",
			"value": "b2d",
			"type": "default",
			"enabled": true
		},
		{
			"key": "d2bcomponent",
			"value": "d2b",
			"type": "default",
			"enabled": true
		},
		{
			"key": "p2bcomponent",
			"value": "p2b",
			"type": "default",
			"enabled": true
		},
		{
			"key": "authUrl",
			"value": "https://login.microsoftonline.com/33e01921-4d64-4f8c-a055-5bdaffd5e33d/oauth2/v2.0/authorize",
			"type": "default",
			"enabled": true
		},
		{
			"key": "headerPrefix",
			"value": "Bearer",
			"type": "default",
			"enabled": true
		},
		{
			"key": "tokenName",
			"value": "Authorization",
			"type": "default",
			"enabled": true
		},
		{
			"key": "state",
			"value": "12345",
			"type": "default",
			"enabled": true
		}
	],
	"_postman_variable_scope": "environment",
	"_postman_exported_at": "2024-03-13T03:44:05.649Z",
	"_postman_exported_using": "Postman/10.24.1"
}